data_filename,colSemantics,colSemantics_s10,colSemantics_s20,colSemantics_s30,colSemantics_s40,colSemantics_s50,colSemantics_s60,colSemantics_s70,colSemantics_s80,colSemantics_s90,colSemantics_s95,colSemantics_s98,colSemantics_s99,colNames,colScores,colComplete,colTypes,colLen
7cdef5be079976d589563498ba1801d9317588a120c4816961c08dbe696b6af1.text.csv,"['code', 'year']","['code', 'year']","['code', 'year']","['code', 'year']","['code', 'year']","['code', 'year']",['year'],['year'],[],[],[],[],[],"['IncomeCategory', ' IncomeCategoryDesc']","[0.5207, 0.7909]","[1.0, 1.0]","[dtype('O'), dtype('O')]","[3.5, 23.25]"
2dfdae56b7e139b560c7aae93f0845bb1baf19c5a2aaa9fd56b111838808365d.text.csv,"['country', 'category', 'position', 'rank', 'rank', 'position', 'rank', 'rank', 'rank', 'rank', 'rank', 'rank', 'rank', 'rank', 'rank', 'rank', 'rank', 'rank', 'rank', 'rank', 'state', 'state', 'region']","['country', 'category', 'position', 'rank', 'rank', 'position', 'rank', 'rank', 'rank', 'rank', 'rank', 'rank', 'rank', 'rank', 'rank', 'rank', 'rank', 'rank', 'rank', 'rank', 'state', 'state', 'region']","['country', 'category', 'position', 'rank', 'rank', 'position', 'rank', 'rank', 'rank', 'rank', 'rank', 'rank', 'rank', 'rank', 'rank', 'rank', 'rank', 'rank', 'rank', 'rank', 'state', 'state', 'region']","['country', 'category', 'position', 'rank', 'rank', 'position', 'rank', 'rank', 'rank', 'rank', 'rank', 'rank', 'rank', 'rank', 'state', 'state', 'region']","['country', 'category', 'rank', 'state', 'state', 'region']","['country', 'category', 'state', 'region']","['country', 'category', 'region']","['country', 'category', 'region']","['country', 'category', 'region']","['country', 'category']","['country', 'category']","['country', 'category']","['country', 'category']","['genderEconCountry', 'genderEconThreshold', 'genderEconCan an unmarried woman apply for a passport in the same way as an unmarried man?', 'genderEconCan a married woman apply for a passport in the same way as a married man?', 'genderEconCan an unmarried woman travel outside the country in the same way as an unmarried man?', 'genderEconCan a married woman travel outside the country in the same way as a married man?', 'genderEconCan an unmarried woman travel outside her home in the same way as an unmarried man?', 'genderEconCan a married woman travel outside her home in the same way as a married man?', 'genderEconCan an unmarried woman get a job or pursue a trade or profession in the same way as an unmarried man?', 'genderEconCan a married woman get a job or pursue a trade or profession in the same way as a married man?', 'genderEconCan an unmarried woman sign a contract in the same way as an unmarried man?', 'genderEconCan a married woman sign a contract in the same way as a married man?', 'genderEconCan an unmarried woman register a business in the same way as an unmarried man?', 'genderEconCan a married woman register a business in the same way as a married man?', 'genderEconCan an unmarried woman open a bank account in the same way as an unmarried man?', 'genderEconCan a married woman open a bank account in the same way as a married man?', 'genderEconCan an unmarried woman choose where to live in the same way as an unmarried man?', 'genderEconCan a married woman choose where to live in the same way as a married man?', 'genderEconCan an unmarried woman confer citizenship on her children in the same way as an unmarried man?', 'genderEconCan a married woman confer citizenship on her children in the same way as a married man?', 'genderEconCan an unmarried woman be ""head of household"" or ""head of family"" in the same way as an unmarried man?', 'genderEconCan a married woman be ""head of household"" or ""head of family"" in the same way as a married man?', 'genderEconCountryCode']","[0.9947, 0.9994, 0.3316, 0.4138, 0.3527, 0.3141, 0.2459, 0.3457, 0.2459, 0.3525, 0.2459, 0.3491, 0.2459, 0.3276, 0.2459, 0.3183, 0.2459, 0.3546, 0.3505, 0.3439, 0.4215, 0.59, 0.8135]","[1.0, 1.0, 1.0, 0.8233, 0.8233, 0.8233, 0.8233, 0.8233, 0.8233, 0.8233, 0.8233, 0.8233, 0.8233, 0.8233, 0.8233, 0.8233, 0.8233, 0.8233, 0.8233, 0.8233, 0.8233, 0.3454, 0.3481, 0.577, 0.6667, 0.577, 1.0]","[dtype('O'), dtype('int64'), dtype('O'), dtype('O'), dtype('O'), dtype('O'), dtype('O'), dtype('O'), dtype('O'), dtype('O'), dtype('O'), dtype('O'), dtype('O'), dtype('O'), dtype('O'), dtype('O'), dtype('O'), dtype('O'), dtype('O'), dtype('O'), dtype('O'), dtype('O'), dtype('O'), dtype('float64'), dtype('float64'), dtype('float64'), dtype('O')]","[8.9398, 3.3735, 2.9839, 2.826, 2.988, 2.9759, 3.0, 2.9357, 3.0, 2.8581, 3.0, 2.988, 3.0, 2.9625, 3.0, 2.9719, 3.0, 2.7778, 2.9264, 2.8876, 2.988, 2.7189, 2.0]"
f005d30ac771e9601534e78e88d1787f6021f2392979a5a6834d8e58e1ebcab2.text.csv,"['area', 'description', 'description', 'description', 'format', 'artist', 'status', 'category']","['area', 'description', 'description', 'description', 'format', 'artist', 'status', 'category']","['area', 'description', 'description', 'description', 'format', 'artist', 'status']","['description', 'description', 'description', 'format']","['description', 'description', 'description', 'format']","['description', 'description', 'description', 'format']","['description', 'description', 'description', 'format']","['description', 'description', 'description']","['description', 'description', 'description']","['description', 'description', 'description']","['description', 'description']","['description', 'description']",[],"['Spreadsheet tab', 'Spreadsheet Title', 'Variable', 'Description / Notes', 'Data type', 'Acceptable values', 'Required?', 'Accepts null values?']","[0.2616, 0.9886, 0.9489, 0.9883, 0.6077, 0.2832, 0.2178, 0.1573]","[0.9714, 1.0, 1.0, 0.8571, 1.0, 0.9905, 0.181, 0.9714, 0.9714]","[dtype('O'), dtype('O'), dtype('O'), dtype('O'), dtype('O'), dtype('float64'), dtype('O'), dtype('O'), dtype('O')]","[26.3714, 92.6571, 26.0667, 93.9524, 7.6095, 5.781, 1.0571, 1.0571]"
d97dca84965ad6da866ce3c590afe9723e8d885b9f5c7ce2e2a7d640d667eb4e.text.csv,"['area', 'state', 'state', 'state', 'state', 'state', 'state', 'state', 'state', 'state', 'state', 'area']","['area', 'state', 'state', 'state', 'state', 'state', 'state', 'state', 'state', 'state', 'state', 'area']","['area', 'state', 'state', 'state', 'state', 'state', 'state', 'state', 'state', 'state', 'state', 'area']","['area', 'state', 'state', 'state', 'state', 'state', 'state', 'state', 'state', 'state', 'state', 'area']","['area', 'state', 'state', 'state', 'state', 'state', 'state', 'state', 'state', 'state', 'state', 'area']","['area', 'state', 'state', 'state', 'state', 'state', 'state', 'state', 'state', 'state', 'area']","['area', 'state', 'state', 'state', 'state', 'state', 'state', 'state']","['state', 'state', 'state', 'state']","['state', 'state', 'state', 'state']",[],[],[],[],"['Reporting Area', 'Vibriosis (Any species of the family Vibrionaceae, other than toxigenic Vibrio cholerae O1 or O139)§, Confirmed Current week, flag ', 'Vibriosis (Any species of the family Vibrionaceae, other than toxigenic Vibrio cholerae O1 or O139)§, Confirmed Previous 52 weeks Med, flag', 'Vibriosis (Any species of the family Vibrionaceae, other than toxigenic Vibrio cholerae O1 or O139)§, Confirmed Previous 52 weeks Max, flag', 'Vibriosis (Any species of the family Vibrionaceae, other than toxigenic Vibrio cholerae O1 or O139)§, Confirmed Cum 2017, flag', 'Vibriosis (Any species of the family Vibrionaceae, other than toxigenic Vibrio cholerae O1 or O139)§, Confirmed Cum 2016, flag', 'Vibriosis (Any species of the family Vibrionaceae, other than toxigenic Vibrio cholerae O1 or O139)§, Probable Current week, flag', 'Vibriosis (Any species of the family Vibrionaceae, other than toxigenic Vibrio cholerae O1 or O139)§, Probable Previous 52 weeks Med, flag', 'Vibriosis (Any species of the family Vibrionaceae, other than toxigenic Vibrio cholerae O1 or O139)§, Probable Previous 52 weeks Max, flag', 'Vibriosis (Any species of the family Vibrionaceae, other than toxigenic Vibrio cholerae O1 or O139)§, Probable Cum 2017, flag', 'Vibriosis (Any species of the family Vibrionaceae, other than toxigenic Vibrio cholerae O1 or O139)§, Probable Cum 2016, flag', 'Location 1']","[0.6652, 0.5142, 0.8138, 0.8138, 0.6618, 0.6616, 0.4902, 0.8138, 0.8138, 0.6136, 0.5296, 0.5006]","[1.0, 1.0, 1.0, 0.1315, 0.8685, 0.9848, 0.0152, 0.9848, 0.0152, 0.6515, 0.3485, 0.7021, 0.2979, 0.0798, 0.9202, 0.9848, 0.0152, 0.9848, 0.0152, 0.5006, 0.4994, 0.1986, 0.8014, 0.8209, 0.0]","[dtype('O'), dtype('int64'), dtype('int64'), dtype('float64'), dtype('O'), dtype('float64'), dtype('O'), dtype('float64'), dtype('O'), dtype('float64'), dtype('O'), dtype('float64'), dtype('O'), dtype('float64'), dtype('O'), dtype('float64'), dtype('O'), dtype('float64'), dtype('O'), dtype('float64'), dtype('O'), dtype('float64'), dtype('O'), dtype('O'), dtype('float64')]","[9.0149, 1.2629, 2.9696, 2.9696, 2.3031, 2.4041, 1.1596, 2.9696, 2.9696, 2.0011, 1.3972, 27.6114]"
74a0b0f764269f666108703102cd2556cf9bcb9399b788ab96a49e6aa234f6c5.text.csv,['year'],['year'],['year'],['year'],['year'],['year'],['year'],['year'],['year'],['year'],[],[],[],['Month of Occurrence'],[0.9341],"[1.0, 0.6364, 0.6364, 0.6364, 0.6364]","[dtype('O'), dtype('float64'), dtype('float64'), dtype('float64'), dtype('float64')]",[6.0909]
e7d4963529b74f79e836c166579ab7dd8fee4548e150e078e976930ef50b20d5.text.csv,"['country', 'category', 'region']","['country', 'category', 'region']","['country', 'category', 'region']","['country', 'category', 'region']","['country', 'category', 'region']","['country', 'category', 'region']","['country', 'category', 'region']","['country', 'category', 'region']","['country', 'category', 'region']","['country', 'category', 'region']","['country', 'category', 'region']","['country', 'category', 'region']","['country', 'category']","['conCorCountry', 'conCorThreshold', 'conCorCountryCode']","[0.9949, 0.9998, 0.9839]","[1.0, 1.0, 1.0, 0.9882, 0.9882, 0.3158, 0.3158, 0.3158, 0.3158, 0.3158, 1.0]","[dtype('O'), dtype('int64'), dtype('O'), dtype('float64'), dtype('float64'), dtype('float64'), dtype('float64'), dtype('float64'), dtype('float64'), dtype('float64'), dtype('O')]","[8.9875, 3.375, 2.0]"
4e7b7a49e633522d47e1a1ecb9ecdef7955492bb9dc34667db0568cd31081647.text.csv,"['order', 'age']","['order', 'age']","['order', 'age']","['order', 'age']","['order', 'age']","['order', 'age']","['order', 'age']","['order', 'age']","['order', 'age']",['age'],['age'],['age'],['age'],"['height', 'geometry']","[0.849, 1.0]","[1.0, 1.0, 1.0, 1.0, 1.0, 1.0]","[dtype('int64'), dtype('O'), dtype('float64'), dtype('float64'), dtype('O'), dtype('bool')]","[4.0976, 3550.9915]"
158f5ae8fe945a599bb04fca6027e5e4b492bd9b3f2243e6e5fbb5bfbc40604c.text.csv,"['class', 'day', 'result', 'status', 'status']","['class', 'day', 'result', 'status', 'status']","['class', 'day', 'result', 'status', 'status']","['class', 'day', 'result', 'status', 'status']","['class', 'day', 'status', 'status']","['class', 'day', 'status', 'status']","['class', 'day', 'status']",['status'],['status'],['status'],['status'],[],[],"['DataExtractDate', 'ReportPeriod', 'Arrival_Departure', 'Domestic_International', 'FlightType']","[0.6534, 0.6444, 0.3808, 0.5229, 0.9685]","[1.0, 1.0, 1.0, 1.0, 1.0, 1.0]","[dtype('O'), dtype('O'), dtype('O'), dtype('O'), dtype('O'), dtype('int64')]","[22.0, 22.0, 7.9778, 10.3665, 11.4715]"
dd9361e347531fe8fa42a0671b7a3c65cc9ac30bd7c1525ab1b1ede6a328c03e.text.csv,"['year', 'day', 'name', 'location', 'notes', 'description', 'description', 'description', 'location', 'status', 'location', 'address', 'class', 'weight', 'class', 'region', 'region', 'position']","['year', 'day', 'name', 'location', 'notes', 'description', 'description', 'description', 'location', 'status', 'location', 'address', 'class', 'weight', 'class', 'region', 'region', 'position']","['year', 'day', 'name', 'location', 'notes', 'description', 'description', 'description', 'location', 'status', 'location', 'address', 'class', 'class', 'region', 'region', 'position']","['year', 'day', 'name', 'location', 'notes', 'description', 'description', 'description', 'location', 'status', 'location', 'address', 'class', 'class', 'region', 'region', 'position']","['year', 'day', 'name', 'location', 'notes', 'description', 'description', 'description', 'location', 'status', 'location', 'address', 'class', 'region', 'region', 'position']","['year', 'day', 'name', 'location', 'notes', 'description', 'description', 'description', 'location', 'status', 'location', 'address', 'region', 'region']","['year', 'day', 'name', 'location', 'description', 'description', 'description', 'location', 'status', 'location', 'address', 'region']","['year', 'day', 'name', 'location', 'description', 'description', 'description', 'location', 'location', 'address']","['year', 'day', 'name', 'location', 'description', 'description', 'description', 'location', 'location', 'address']","['day', 'name', 'location', 'description', 'description', 'description', 'location', 'address']","['day', 'name', 'location', 'description', 'description', 'description', 'address']","['day', 'name', 'location', 'description', 'description', 'description', 'address']","['name', 'location', 'description', 'description', 'description', 'address']","['Creation Date', 'Accession Number', 'Artist', 'Credit Line', 'Display Title', 'Display Dimensions', 'Medium', 'Media & Support', 'Facility ', 'Current Location', 'Location Description', 'Street Address', 'Street Address 2', 'District Name', 'Geocoding Source', 'Geocoding Accuracy Type', 'Longitude', 'point']","[0.8173, 0.988, 0.995, 1.0, 0.5539, 1.0, 0.9998, 1.0, 0.8306, 0.6105, 0.9011, 1.0, 0.4715, 0.1823, 0.3483, 0.5056, 0.6068, 0.4009]","[0.9788, 0.9735, 0.9936, 0.9873, 0.9936, 0.9023, 0.9841, 0.9894, 0.9713, 0.9926, 0.8715, 0.9915, 0.0032, 0.9947, 0.8758, 0.4947, 0.4947, 0.8758, 0.8758, 0.8652]","[dtype('O'), dtype('O'), dtype('O'), dtype('O'), dtype('O'), dtype('O'), dtype('O'), dtype('O'), dtype('O'), dtype('O'), dtype('O'), dtype('O'), dtype('O'), dtype('O'), dtype('O'), dtype('float64'), dtype('O'), dtype('float64'), dtype('O'), dtype('O')]","[4.5467, 8.2399, 17.0828, 116.5478, 24.035, 17.1953, 22.0265, 27.6136, 20.2686, 12.6338, 18.7431, 31.7718, 3.0159, 9.6306, 11.0361, 6.1975, 10.0849, 25.776]"
9a6618d8b9ab8d554c9a596df2cefa781d9a257379cf971a5aa595b1e7509d47.text.csv,"['name', 'description', 'format', 'album', 'type', 'status']","['name', 'description', 'format', 'album', 'type', 'status']","['name', 'description', 'format', 'album', 'status']","['name', 'description', 'format', 'album', 'status']","['name', 'description', 'format', 'album']","['name', 'description', 'format', 'album']","['description', 'format', 'album']","['description', 'format', 'album']",[],[],[],[],[],"['Spreadsheet tab', 'Element or value display name', 'Description', 'Data type', 'Acceptable values', 'Required', 'Accepts null value']","[nan, 0.5187, 0.7967, 0.7727, 0.7316, 0.1902, 0.3358]","[1.0, 1.0, 1.0, 1.0, 1.0, 0.0455, 1.0, 1.0]","[dtype('O'), dtype('O'), dtype('O'), dtype('O'), dtype('int64'), dtype('O'), dtype('O'), dtype('O')]","[23.0, 5.8182, 36.2727, 6.3182, 3.8182, 1.0, 1.0]"
7e87216a48f93b31207fb99c014ae2c2c9cba15a26b0d17557931d4f4feb6c14.text.csv,"['product', 'duration', 'address', 'address', 'code', 'region', 'region', 'state', 'name', 'state', 'state', 'duration', 'area', 'area', 'location']","['product', 'duration', 'address', 'address', 'code', 'region', 'region', 'state', 'name', 'state', 'state', 'duration', 'area', 'area', 'location']","['product', 'duration', 'address', 'address', 'code', 'region', 'region', 'state', 'name', 'state', 'state', 'duration', 'area', 'area', 'location']","['product', 'duration', 'address', 'address', 'code', 'region', 'region', 'state', 'name', 'state', 'state', 'duration', 'area', 'area', 'location']","['product', 'duration', 'address', 'address', 'code', 'region', 'region', 'state', 'name', 'state', 'duration', 'area', 'area', 'location']","['duration', 'address', 'address', 'code', 'region', 'region', 'state', 'name', 'state', 'duration', 'area', 'area', 'location']","['duration', 'address', 'address', 'code', 'region', 'state', 'name', 'state', 'duration', 'area', 'area', 'location']","['duration', 'address', 'address', 'code', 'region', 'state', 'name', 'state', 'duration', 'area', 'area', 'location']","['duration', 'address', 'address', 'region', 'state', 'duration', 'area', 'area', 'location']","['address', 'address', 'state', 'duration', 'area', 'area', 'location']","['address', 'address', 'area', 'area', 'location']","['address', 'location']","['address', 'location']","['blklot', 'block_num', 'from_st', 'heightlimi', 'heightsimp', 'lot_num', 'mapblklot', 'mapblklot_', 'odd_even', 'quadrant', 'ssd', 'street', 'st_type', 'sud', 'to_st', 'zonesimple', 'zoning', 'geometry']","[nan, 0.4219, 0.8984, 0.9704, 0.9931, 0.7248, nan, nan, 0.5397, 0.8076, 0.907, 0.7513, 0.797, 0.3727, 0.9299, 0.9685, 0.9763, 1.0]","[1.0, 1.0, 0.9458, 1.0, 1.0, 1.0, 1.0, 1.0, 0.9962, 1.0, 1.0, 0.9409, 1.0, 0.9999, 1.0, 1.0, 1.0, 0.0831, 0.9222, 0.9164, 0.1338, 0.9458, 1.0, 1.0, 1.0, 1.0]","[dtype('O'), dtype('O'), dtype('O'), dtype('O'), dtype('O'), dtype('O'), dtype('O'), dtype('O'), dtype('float64'), dtype('int64'), dtype('int64'), dtype('O'), dtype('int64'), dtype('O'), dtype('float64'), dtype('float64'), dtype('float64'), dtype('O'), dtype('O'), dtype('O'), dtype('O'), dtype('O'), dtype('O'), dtype('O'), dtype('O'), dtype('bool')]","[7.2295, 4.0883, 3.2996, 4.2488, 4.171, 3.1412, 7.1812, 7.1812, 1.1182, 8.9991, 3.3929, 6.0275, 2.4663, 4.0327, 3.3002, 4.2565, 4.2788, 548.5203]"
4c5fb9abfe0857033f7260594a0406118e10ee3285b88c88b50cf1821a59a6fe.text.csv,['year'],['year'],['year'],['year'],['year'],['year'],['year'],['year'],['year'],['year'],[],[],[],['Month of Occurrence'],[0.9321],"[1.0, 0.6364, 0.6364, 0.6364, 0.6364]","[dtype('O'), dtype('float64'), dtype('float64'), dtype('float64'), dtype('float64')]",[6.0909]
fb10c3b809f82d9f7577f2b1e20c347c8e4037e2a0620d091aac61b09163e3dc.text.csv,"['location', 'area', 'area', 'code', 'location']","['location', 'area', 'area', 'code', 'location']","['location', 'area', 'area', 'code', 'location']","['location', 'area', 'area', 'code', 'location']","['location', 'area', 'code', 'location']","['location', 'area', 'code', 'location']","['location', 'area', 'code', 'location']","['location', 'area', 'location']",['location'],['location'],['location'],[],[],"['LABEL', 'STATUS', 'PROJ_NAME', 'PROJ_ABBR', 'SERV_AREA']","[0.734, 0.7975, 0.324, 0.6501, 0.9534]","[1.0, 0.6053, 0.6053, 1.0, 1.0, 0.8684, 1.0, 1.0, 1.0]","[dtype('int64'), dtype('O'), dtype('O'), dtype('O'), dtype('O'), dtype('O'), dtype('float64'), dtype('float64'), dtype('float64')]","[13.7105, 14.7895, 29.7632, 4.0, 5.6579]"
85fc28fb2bf5786b1245d903bd34c84b42a31e4fbdf21bba9f3122cebbbd9e05.text.csv,"['description', 'address', 'description', 'description', 'education', 'status', 'classification', 'affiliation', 'location', 'age', 'description', 'area', 'day', 'description']","['description', 'address', 'description', 'description', 'education', 'status', 'classification', 'affiliation', 'location', 'age', 'description', 'area', 'day', 'description']","['description', 'address', 'description', 'description', 'education', 'status', 'classification', 'affiliation', 'location', 'age', 'description', 'day', 'description']","['description', 'address', 'description', 'description', 'education', 'status', 'classification', 'affiliation', 'location', 'age', 'description', 'day', 'description']","['description', 'address', 'description', 'description', 'education', 'status', 'classification', 'affiliation', 'location', 'age', 'description', 'day', 'description']","['description', 'address', 'description', 'description', 'education', 'status', 'classification', 'affiliation', 'location', 'age', 'description', 'day', 'description']","['description', 'address', 'description', 'description', 'education', 'status', 'classification', 'affiliation', 'location', 'age', 'description', 'day', 'description']","['description', 'description', 'description', 'education', 'status', 'classification', 'affiliation', 'location', 'age', 'description', 'day', 'description']","['description', 'description', 'description', 'education', 'status', 'classification', 'affiliation', 'location', 'age', 'description', 'day', 'description']","['description', 'description', 'description', 'status', 'affiliation', 'location', 'description', 'day', 'description']","['description', 'description', 'description', 'status', 'affiliation', 'location', 'description', 'day', 'description']","['description', 'description', 'description', 'status', 'location', 'description', 'day', 'description']","['description', 'description', 'description', 'status', 'location', 'description', 'day', 'description']","['project_name', 'project_url_on_catalog', 'project_url_external', 'project_description', 'keywords', 'fields_of_science', 'project_status', 'agency_sponsor', 'agency_sponsor_other', 'geographic_scope', 'participant_age', 'participation_tasks', 'email', 'start_date', 'project_goals']","[0.9999, nan, 0.6566, 1.0, 1.0, 0.8231, 1.0, 0.859, 0.9542, 1.0, 0.8062, 1.0, 0.1871, 0.9912, 0.9976]","[0.9978, 1.0, 1.0, 0.9375, 1.0, 0.9688, 1.0, 1.0, 0.9978, 0.1362, 0.9643, 0.9911, 0.9576, 1.0, 0.9866, 0.9732, 0.0513]","[dtype('float64'), dtype('O'), dtype('O'), dtype('O'), dtype('O'), dtype('O'), dtype('O'), dtype('O'), dtype('O'), dtype('O'), dtype('O'), dtype('O'), dtype('O'), dtype('bool'), dtype('O'), dtype('O'), dtype('O')]","[44.0826, 42.8304, 40.5067, 542.7143, 57.8638, 62.3862, 7.2411, 41.7835, 9.5067, 25.3929, 55.2701, 97.5246, 20.5848, 8.9442, 25.3929]"
9c7b5d51cca55573517d39cf2efdf26754376e3125513dde56c2dd6e5b6a04f8.text.csv,"['name', 'ranking', 'age', 'jockey', 'region', 'name', 'status', 'result', 'year', 'address']","['name', 'ranking', 'age', 'jockey', 'region', 'name', 'status', 'result', 'year', 'address']","['name', 'ranking', 'age', 'jockey', 'region', 'name', 'status', 'result', 'year', 'address']","['name', 'ranking', 'age', 'jockey', 'region', 'name', 'status', 'result', 'year', 'address']","['name', 'ranking', 'age', 'jockey', 'region', 'name', 'status', 'result', 'address']","['name', 'ranking', 'jockey', 'region', 'name', 'status', 'result', 'address']","['ranking', 'jockey', 'region', 'name', 'result', 'address']","['ranking', 'jockey', 'region', 'name', 'result', 'address']","['ranking', 'jockey', 'region', 'name', 'address']","['ranking', 'jockey', 'region', 'name', 'address']","['ranking', 'jockey', 'region', 'name', 'address']","['ranking', 'region', 'name', 'address']","['ranking', 'region', 'address']","['School', 'Oct Event Date', 'Top 50 Rank', 'Board District', 'Local District', 'City Council District', 'Banner', 'Banner_2', 'Week Registered', 'Location 1']","[0.5973, 0.997, 0.4029, 0.9687, 0.9994, 0.9823, 0.5394, 0.7938, 0.3197, 1.0]","[1.0, 1.0, 1.0, 1.0, 1.0, 1.0, 1.0, 1.0, 1.0, 1.0, 1.0, 1.0]","[dtype('int64'), dtype('O'), dtype('O'), dtype('O'), dtype('int64'), dtype('O'), dtype('O'), dtype('O'), dtype('O'), dtype('O'), dtype('O'), dtype('O')]","[28.8136, 3.0452, 2.8418, 11.3898, 6.1243, 9.7797, 2.0339, 3.0, 22.0, 58.2768]"
4088579be5d1f5b9a8d9e9c324155412ee953da95c4ab9fb7e44eca9ea76a72b.text.csv,"['address', 'address', 'age']","['address', 'address', 'age']","['address', 'address', 'age']","['address', 'address', 'age']","['address', 'age']","['address', 'age']","['address', 'age']","['address', 'age']","['address', 'age']","['address', 'age']",['age'],['age'],['age'],"['districtna', 'url', 'zoning_sim', 'geometry']","[0.3277, nan, 0.9358, 1.0]","[1.0, 1.0, 1.0, 1.0, 1.0, 1.0, 1.0]","[dtype('O'), dtype('float64'), dtype('float64'), dtype('O'), dtype('O'), dtype('O'), dtype('bool')]","[29.9126, 153.7348, 3.9175, 2836.1347]"
d02647e5c2cefbd744474e3889710e03974b001095008ddd506a0537367f4a32.text.csv,['description'],['description'],['description'],['description'],['description'],['description'],['description'],['description'],['description'],[],[],[],[],"['Page Title', 'Avg. Time on Page']","[0.8378, nan]","[1.0, 1.0, 1.0, 1.0, 1.0, 1.0, 1.0]","[dtype('O'), dtype('int64'), dtype('int64'), dtype('O'), dtype('int64'), dtype('float64'), dtype('float64')]","[58.1711, 7.0]"
1439a777f9c5eebb7b4fa28cf75346683f9adc98c0c61e41bab714dc36346a8c.text.csv,"['address', 'city', 'state', 'area', 'position']","['address', 'city', 'state', 'area', 'position']","['address', 'city', 'state', 'area', 'position']","['address', 'city', 'state', 'area', 'position']","['address', 'city', 'state', 'area', 'position']","['address', 'city', 'state', 'area', 'position']","['address', 'city', 'state', 'area', 'position']","['address', 'city', 'state', 'area', 'position']","['address', 'area', 'position']",['address'],['address'],['address'],[],"['Estoppel ID', 'Address', 'City', 'State', 'File Date', 'Neighborhoods - Analysis Boundaries', 'Location']","[nan, 0.9886, 0.7759, 0.7324, nan, 0.8786, 0.8667]","[1.0, 1.0, 1.0, 1.0, 1.0, 1.0, 0.9694, 0.9694, 0.9694]","[dtype('O'), dtype('O'), dtype('O'), dtype('O'), dtype('int64'), dtype('O'), dtype('float64'), dtype('O'), dtype('O')]","[7.0, 27.5622, 13.0, 2.0, 10.0, 12.0957, 43.7919]"
003dd74afcd54b14cc6fee1b9ad96d0af9f60a0d9457c07f439573b072a4c7bf.text.csv,"['creator', 'address', 'company', 'status', 'state', 'code', 'region', 'address', 'code', 'city']","['creator', 'address', 'company', 'status', 'state', 'code', 'region', 'address', 'code', 'city']","['creator', 'address', 'company', 'status', 'state', 'code', 'region', 'address', 'code', 'city']","['creator', 'address', 'company', 'status', 'state', 'code', 'region', 'address', 'code', 'city']","['creator', 'address', 'company', 'status', 'state', 'code', 'region', 'address', 'code', 'city']","['creator', 'address', 'company', 'status', 'state', 'code', 'region']","['creator', 'address', 'company', 'state', 'code', 'region']","['creator', 'address', 'state', 'code', 'region']","['creator', 'address', 'state', 'code', 'region']","['creator', 'address', 'region']","['address', 'region']",['address'],['address'],"['CrimeDate', 'CrimeTime', 'CrimeCode', 'Location', 'Description', 'Inside/Outside', 'Weapon', 'Post', 'District', 'Neighborhood', 'Premise', 'vri_name1']","[nan, nan, 0.927, 0.9998, 0.64, 0.5562, 0.8636, 0.8236, 0.9624, 0.4788, 0.4005, 0.4266]","[1.0, 0.9999, 1.0, 0.9956, 1.0, 0.8862, 0.2099, 0.9919, 1.0, 0.9635, 0.9945, 0.9945, 0.0, 0.8853, 0.1182, 1.0]","[dtype('O'), dtype('O'), dtype('O'), dtype('O'), dtype('O'), dtype('O'), dtype('O'), dtype('O'), dtype('O'), dtype('O'), dtype('float64'), dtype('float64'), dtype('float64'), dtype('O'), dtype('O'), dtype('int64')]","[10.0, 7.9996, 2.0815, 16.0762, 11.5255, 1.3435, 3.6131, 4.7597, 8.2152, 12.3949, 10.6593, 3.7552]"
cbdbbab26143df559a124d48017640f8d50665467d469b1d992d2bc359431a6a.text.csv,"['location', 'duration', 'rank']","['location', 'duration', 'rank']","['location', 'duration']","['location', 'duration']","['location', 'duration']","['location', 'duration']","['location', 'duration']",['duration'],['duration'],['duration'],['duration'],['duration'],['duration'],"['STATION', 'STATION_NAME', 'DATE', 'Measurement Flag', 'Quality Flag']","[nan, 0.6576, 0.993, 0.1295, nan]","[1.0, 1.0, 1.0, 1.0, 1.0, 1.0, 1.0, 1.0, 1.0]","[dtype('O'), dtype('O'), dtype('float64'), dtype('float64'), dtype('float64'), dtype('O'), dtype('int64'), dtype('O'), dtype('O')]","[11.0, 15.0, 14.0, 1.0, 1.0]"
0bfc48abfd37fa1171f12f77d209720e057277f2eb64725b4201d889e00687a2.text.csv,"['company', 'person', 'name', 'region', 'company', 'region']","['company', 'person', 'name', 'region', 'company', 'region']","['company', 'person', 'name', 'region', 'company', 'region']","['company', 'person', 'name', 'region', 'company', 'region']","['company', 'name', 'company']","['company', 'name', 'company']","['company', 'name', 'company']","['company', 'name', 'company']","['company', 'name', 'company']","['company', 'name', 'company']",['name'],['name'],['name'],"['Lobbying Firm', 'Client Prefix', 'Client First Name', 'Client Middle', 'Client Last Name', 'Client Suffix', 'Lobbying Firm Quarterly Report']","[0.9043, 0.3283, 0.9997, 0.3786, 0.9071, 0.3786, nan]","[1.0, 0.0144, 0.0646, 0.0028, 1.0, 0.0006, 1.0, 1.0, 1.0, 1.0]","[dtype('O'), dtype('O'), dtype('O'), dtype('O'), dtype('O'), dtype('O'), dtype('int64'), dtype('int64'), dtype('float64'), dtype('O')]","[24.9028, 3.0005, 3.2533, 2.9993, 22.5179, 3.0, 83.9164]"
98cb4a27aa64896cdd382f0feca306ea4b75cdba749484777d858311ed6c612f.text.csv,[],,,,,,,,,,,,,[],,,,
59d9af482f2f58c92ad73ee805498e4786f525647b1fb72d8a8c9e9093856458.text.csv,['description'],['description'],['description'],['description'],['description'],['description'],['description'],[],[],[],[],[],[],['Month'],[0.6648],"[1.0, 1.0]","[dtype('O'), dtype('int64')]",[22.0]
3b5b7590ac92efebd0ca6f98f70c075fb0cf0ef841d11a2f19d388fa9d4fd1c5.text.csv,"['state', 'type', 'class', 'service', 'description', 'company', 'description', 'code', 'company']","['state', 'type', 'class', 'service', 'description', 'company', 'description', 'code', 'company']","['state', 'type', 'class', 'service', 'description', 'company', 'description', 'code', 'company']","['state', 'type', 'class', 'service', 'description', 'company', 'description', 'code', 'company']","['state', 'type', 'class', 'service', 'description', 'company', 'description', 'code', 'company']","['state', 'type', 'class', 'service', 'description', 'company', 'description', 'code', 'company']","['state', 'type', 'class', 'service', 'description', 'description', 'code', 'company']","['state', 'type', 'class', 'service', 'description', 'description', 'code', 'company']","['state', 'type', 'class', 'service', 'description', 'code', 'company']","['state', 'type', 'service', 'description']","['state', 'type', 'service', 'description']","['state', 'type', 'service', 'description']","['state', 'service', 'description']","['State', 'Domain', 'Reporting Program', 'Measure Name', 'Measure Abbreviation', 'Measure Description', 'Population', 'Methodology', 'Notes', 'Source', 'Location']","[0.9993, 0.9833, 0.857, 0.9983, nan, 0.7205, 0.5904, 0.9999, 0.8949, 0.8511, nan]","[1.0, 1.0, 1.0, 1.0, 1.0, 1.0, 1.0, 1.0, 1.0, 0.9697, 1.0, 1.0, 1.0, 1.0, 0.0303, 1.0, 1.0]","[dtype('O'), dtype('O'), dtype('O'), dtype('O'), dtype('O'), dtype('O'), dtype('int64'), dtype('O'), dtype('O'), dtype('float64'), dtype('int64'), dtype('float64'), dtype('float64'), dtype('float64'), dtype('O'), dtype('O'), dtype('O')]","[8.8298, 32.338, 14.0, 47.1515, 6.0997, 68.5717, 14.8042, 12.5338, 4.6364, 81.1696, 18.87]"
afd642a087967b430ab1b09eda905a86e9dbbfe7474fb023c6ed64e50e69c6f4.text.csv,['state'],['state'],['state'],[],[],[],[],[],[],[],[],[],[],['Island'],[0.2664],"[0.8333, 0.8333, 0.8333, 0.8333, 0.8333]","[dtype('float64'), dtype('O'), dtype('float64'), dtype('float64'), dtype('float64')]",[4.8333]
079df64d760dfcbe60849d5dcec3fb6c6df5934dd00eaa3bae18424736a5c569.text.csv,[],,,,,,,,,,,,,[],,,,
10becc54165a0328f313667794c5bb46d261ef68fea9d10ad6c1b4211d26f80a.text.csv,"['location', 'status', 'description', 'description', 'description', 'status', 'code', 'description', 'description', 'address', 'code', 'description', 'notes', 'status', 'owner', 'name', 'address', 'name', 'state', 'address', 'description']","['location', 'status', 'description', 'description', 'description', 'status', 'code', 'description', 'description', 'address', 'code', 'description', 'notes', 'status', 'owner', 'name', 'address', 'name', 'state', 'address', 'description']","['location', 'status', 'description', 'description', 'description', 'status', 'code', 'description', 'description', 'address', 'code', 'description', 'notes', 'status', 'owner', 'name', 'address', 'name', 'state', 'address', 'description']","['location', 'status', 'description', 'description', 'description', 'status', 'code', 'description', 'description', 'address', 'code', 'description', 'notes', 'status', 'owner', 'name', 'address', 'name', 'state', 'address', 'description']","['location', 'status', 'description', 'description', 'description', 'status', 'description', 'description', 'address', 'code', 'description', 'notes', 'status', 'owner', 'name', 'address', 'name', 'state', 'address', 'description']","['location', 'status', 'description', 'description', 'description', 'description', 'description', 'address', 'code', 'description', 'notes', 'status', 'owner', 'name', 'address', 'name', 'state', 'address', 'description']","['location', 'status', 'description', 'description', 'description', 'description', 'description', 'address', 'code', 'description', 'notes', 'status', 'name', 'address', 'name', 'state', 'address', 'description']","['location', 'status', 'description', 'description', 'description', 'description', 'description', 'address', 'code', 'description', 'notes', 'status', 'name', 'address', 'name', 'state', 'address']","['location', 'status', 'description', 'description', 'description', 'description', 'description', 'address', 'code', 'description', 'notes', 'name', 'name', 'state', 'address']","['location', 'description', 'description', 'description', 'description', 'description', 'address', 'description', 'notes', 'name', 'name', 'address']","['location', 'description', 'description', 'description', 'description', 'description', 'description', 'notes', 'address']","['location', 'description', 'description', 'description', 'description', 'description', 'description', 'address']","['location', 'description', 'description', 'description', 'description', 'description', 'description', 'address']","['Block Lot', 'Planning Neighborhood', 'Best Stat', 'Best Date', 'Planning Project Description', 'DBI Project Description', 'Zoning_Generalized', 'Zoning_Simplified', 'Planning Filed', 'DBI Filed', 'HEIGHTLIMIT', 'ZONING', 'FirstFiled', 'LANDUSE', 'sort', 'Sponsor Firm', 'Sponsor Name', 'CONTACTPHONE', 'FULLNAME', 'CONTACTCITY', 'CONTACTADD', 'Location 1']","[nan, 0.9963, 0.891, 1.0, 1.0, 1.0, 0.4891, 0.3671, 0.9991, 1.0, 0.9005, 0.8242, 0.9973, 0.9683, 0.7377, 0.532, 0.9199, 0.7813, 0.9331, 0.8513, 1.0, 0.6878]","[1.0, 1.0, 1.0, 1.0, 0.9977, 0.9977, 0.5846, 0.7246, 1.0, 1.0, 0.9977, 0.9382, 0.3139, 0.2474, 0.2299, 0.287, 0.3862, 0.2404, 0.6651, 0.7888, 0.6301, 0.7246, 0.9242, 0.9253, 0.9988, 0.9988, 1.0, 0.993, 1.0, 0.2637, 0.2404, 0.3326, 0.3081, 0.4014, 0.2555, 0.0992, 1.0, 0.9148, 0.8798, 0.1482, 0.1914, 0.5729, 0.4971, 0.6534, 0.6464, 0.6558, 0.6499, 0.6499, 1.0]","[dtype('int64'), dtype('O'), dtype('O'), dtype('O'), dtype('O'), dtype('float64'), dtype('O'), dtype('O'), dtype('O'), dtype('O'), dtype('float64'), dtype('float64'), dtype('float64'), dtype('float64'), dtype('float64'), dtype('float64'), dtype('float64'), dtype('float64'), dtype('float64'), dtype('float64'), dtype('O'), dtype('O'), dtype('O'), dtype('O'), dtype('O'), dtype('O'), dtype('O'), dtype('float64'), dtype('int64'), dtype('float64'), dtype('float64'), dtype('float64'), dtype('float64'), dtype('float64'), dtype('float64'), dtype('float64'), dtype('int64'), dtype('float64'), dtype('float64'), dtype('float64'), dtype('float64'), dtype('float64'), dtype('O'), dtype('O'), dtype('O'), dtype('O'), dtype('O'), dtype('O'), dtype('O')]","[7.0945, 11.1727, 9.5053, 8.986, 94.6079, 52.8565, 10.972, 4.3606, 6.7806, 7.3477, 4.294, 4.6021, 8.993, 7.3711, 14.3127, 12.3734, 9.6698, 8.238, 17.4959, 15.3489, 14.7398, 29.4224]"
fe702cb1e9dd29d9a314c66648baa904cef9cca823ba121149734a2d2a2cf0af.text.csv,"['code', 'category', 'status', 'area', 'code', 'status', 'day', 'family']","['code', 'category', 'status', 'area', 'code', 'status', 'day', 'family']","['code', 'category', 'status', 'area', 'code', 'status', 'day', 'family']","['code', 'category', 'area', 'code', 'status', 'day', 'family']","['code', 'category', 'area', 'code', 'status', 'day', 'family']","['code', 'category', 'code', 'status', 'day']","['code', 'category', 'code', 'status', 'day']","['category', 'code', 'status', 'day']","['code', 'status', 'day']","['code', 'status', 'day']","['code', 'status', 'day']","['code', 'status', 'day']","['code', 'status', 'day']","['Spot Name', 'Start Date', 'End Date', 'Type', 'Configuration', 'Category', 'Status', 'Creation Date', 'Modification Date']","[0.6317, nan, 0.7463, 0.258, 0.4636, 0.9938, 1.0, 0.9998, 0.467]","[1.0, 1.0, 1.0, 0.2933, 1.0, 1.0, 1.0, 1.0, 1.0, 0.5337]","[dtype('int64'), dtype('O'), dtype('O'), dtype('O'), dtype('O'), dtype('O'), dtype('O'), dtype('O'), dtype('O'), dtype('O')]","[5.4183, 10.0, 5.0529, 7.9423, 10.5769, 1.1587, 6.4423, 22.0, 13.1394]"
6cefbcfccd0ca4e0988d908de9980f8a66899387ea02be3f4b91d8d2e35507f9.text.csv,['sex'],['sex'],['sex'],['sex'],['sex'],['sex'],['sex'],[],[],[],[],[],[],"['the_geom', 'CNSLD', 'VBM']","[nan, nan, 0.6559]","[1.0, 1.0, 1.0]","[dtype('O'), dtype('O'), dtype('O')]","[5455.2631, 8.0, 1.0]"
318066167feedfeb1c75854eb2414f54a4d62610c5a6182370ba42ba51ade806.text.csv,"['artist', 'status', 'status']","['artist', 'status', 'status']","['artist', 'status', 'status']","['artist', 'status']","['artist', 'status']","['artist', 'status']",['status'],['status'],['status'],['status'],['status'],['status'],['status'],"['UNIT_TYPE', 'UNIT_ID', 'STATUS']","[0.572, 0.2782, 0.9974]","[1.0, 1.0, 0.5, 1.0, 1.0, 1.0]","[dtype('int64'), dtype('O'), dtype('O'), dtype('O'), dtype('float64'), dtype('float64')]","[19.0, 4.5, 5.0]"
5dcdc735c199d82e261ce198a2730fbf141f172ab606aefc07bf880717271f2d.text.csv,"['product', 'age']","['product', 'age']","['product', 'age']","['product', 'age']","['product', 'age']","['product', 'age']",['age'],['age'],['age'],['age'],['age'],['age'],['age'],"['height', 'geometry']","[0.5504, 1.0]","[1.0, 1.0, 1.0, 1.0, 1.0, 1.0]","[dtype('int64'), dtype('O'), dtype('float64'), dtype('float64'), dtype('O'), dtype('bool')]","[4.0589, 3724.2945]"
3e67cc451a07fb568c3e32205e6849346860a36498c19083226fb49b499a21fe.text.csv,"['description', 'class', 'description']","['description', 'class', 'description']","['description', 'class', 'description']","['description', 'class', 'description']","['description', 'class', 'description']","['description', 'class', 'description']","['description', 'class', 'description']","['class', 'description']","['class', 'description']","['class', 'description']",['description'],['description'],['description'],"['data_type', 'plan_objective', 'statement']","[0.6961, 0.9486, 1.0]","[1.0, 1.0, 0.9592, 0.8265, 1.0]","[dtype('O'), dtype('int64'), dtype('O'), dtype('float64'), dtype('O')]","[49.0, 1.0816, 167.949]"
1ce3cb9a116c2b5855f430ed869183ac8eb50faec55bd47eaa43a76806314cdd.text.csv,"['location', 'duration']","['location', 'duration']","['location', 'duration']","['location', 'duration']","['location', 'duration']","['location', 'duration']","['location', 'duration']","['location', 'duration']","['location', 'duration']","['location', 'duration']",['duration'],['duration'],['duration'],"['planarea', 'url', 'geometry']","[0.9367, nan, 1.0]","[1.0, 1.0, 1.0, 1.0, 1.0, 1.0, 1.0]","[dtype('float64'), dtype('O'), dtype('float64'), dtype('float64'), dtype('O'), dtype('O'), dtype('bool')]","[14.973, 59.4324, 29884.0541]"
1713b1146505cb3aad576d69f09f8b4cd706cb5bfd202cd33e29767623ef242c.text.csv,"['code', 'isbn', 'rank', 'age', 'industry', 'range', 'isbn', 'age', 'position', 'region', 'result', 'result', 'isbn', 'code', 'name', 'age', 'position', 'region', 'age', 'state', 'region']","['code', 'isbn', 'rank', 'age', 'industry', 'range', 'isbn', 'age', 'position', 'region', 'result', 'result', 'isbn', 'code', 'name', 'age', 'position', 'region', 'age', 'state', 'region']","['code', 'isbn', 'rank', 'age', 'industry', 'isbn', 'age', 'position', 'region', 'result', 'result', 'isbn', 'age', 'position', 'region', 'age']","['code', 'rank', 'age', 'industry', 'isbn', 'age', 'position', 'region', 'result', 'result', 'isbn', 'age', 'position', 'region', 'age']","['code', 'rank', 'age', 'isbn', 'age', 'region', 'result', 'age', 'position', 'region', 'age']","['code', 'rank', 'age', 'isbn', 'age', 'result', 'age', 'position', 'region', 'age']","['code', 'rank', 'age', 'isbn', 'age', 'result', 'age', 'position', 'region', 'age']","['rank', 'age', 'age', 'result', 'age', 'age']","['age', 'result']",['age'],['age'],['age'],[],"['CountryCode', 'HealthDisplay', 'PolRigDisplay', 'CivLibDisplay', 'ConCorDisplay', 'GovtEffDisplay', 'RuleLawDisplay', 'FreedomInfoDisplay', 'ImmunDisplay', 'EducExpDisplay', 'CHDisplay', 'NRMDisplay', 'RegQualityDisplay', 'LRADisplay', 'BusStartupDisplay', 'TradeDisplay', 'InflDisplay', 'FisPolDisplay', 'AccessCreditDisplay', 'GenderEconDisplay', 'GirlsSecAgg']","[0.6525, 0.2804, 0.7122, 0.7206, 0.391, 0.1453, 0.6184, 0.9805, 0.3382, 0.4507, 0.8437, 0.3615, 0.3236, 0.1675, 0.1397, 0.7755, 0.6693, 0.6469, 0.7157, 0.1728, 0.1422]","[1.0, 0.9259, 1.0, 1.0, 1.0, 1.0, 1.0, 1.0, 1.0, 0.6667, 0.9815, 1.0, 1.0, 0.963, 0.963, 0.9259, 0.963, 0.963, 0.963, 0.8519, 0.8148]","[dtype('O'), dtype('O'), dtype('O'), dtype('O'), dtype('O'), dtype('O'), dtype('O'), dtype('O'), dtype('O'), dtype('O'), dtype('O'), dtype('O'), dtype('O'), dtype('O'), dtype('O'), dtype('O'), dtype('O'), dtype('O'), dtype('O'), dtype('O'), dtype('O')]","[2.1111, 7.6296, 1.7593, 2.0741, 9.463, 9.4444, 9.6852, 2.1852, 3.2593, 5.7037, 5.0185, 4.5, 9.463, 8.6852, 8.6667, 3.537, 5.1111, 7.8889, 2.0741, 1.5185, 7.0926]"
3b90b2935ed2232bc0eaa7e0764fb4bbb2b451ced234a1e2fe7e706b2d33d640.text.csv,"['location', 'weight']","['location', 'weight']","['location', 'weight']","['location', 'weight']","['location', 'weight']","['location', 'weight']","['location', 'weight']","['location', 'weight']","['location', 'weight']","['location', 'weight']","['location', 'weight']",['location'],[],"['area', 'line_number', 'datetime_utc']","[0.9859, 0.9734, nan]","[1.0, 1.0, 1.0, 1.0, 1.0, 1.0, 1.0, 0.3818, 0.3818, 1.0, 1.0]","[dtype('O'), dtype('O'), dtype('O'), dtype('float64'), dtype('float64'), dtype('float64'), dtype('float64'), dtype('float64'), dtype('float64'), dtype('float64'), dtype('float64')]","[9.3574, 3.6182, 24.0]"
d05c30f18c56ef560c421df9f94af5716d22628ecc5668e0f7bbecc39f4ab4c9.text.csv,[],,,,,,,,,,,,,[],,,,
91c24fb79e7038ae0b3928af3fd460e7acd1b098747b37d8dc9c8dc923fe8931.text.csv,['name'],['name'],['name'],['name'],['name'],['name'],['name'],['name'],['name'],[],[],[],[],"['USDA Germplasm Resource Information Network: Alaskan Accessions', 'Plain Text Hyperlink']","[0.8203, nan]","[1.0, 1.0]","[dtype('O'), dtype('O')]","[43.7313, 60.0]"
38ab55e11e0befbbd77775114e6f9e0bc6c7300f5df265c41e9faac34fbbf64e.text.csv,"['description', 'address', 'manufacturer', 'county']","['description', 'address', 'manufacturer', 'county']","['description', 'address', 'manufacturer', 'county']","['description', 'address', 'manufacturer', 'county']","['description', 'address', 'manufacturer', 'county']",['county'],['county'],['county'],[],[],[],[],[],"['the_geom', 'Name', 'StreetName', 'City']","[0.4707, 0.4618, 0.4597, 0.7189]","[1.0, 1.0, 1.0, 0.0, 0.0, 1.0, 0.0, 0.0, 1.0, 1.0, 1.0]","[dtype('O'), dtype('O'), dtype('int64'), dtype('float64'), dtype('float64'), dtype('O'), dtype('float64'), dtype('float64'), dtype('O'), dtype('float64'), dtype('float64')]","[45.0, 22.0, 11.0, 11.0]"
8208c0bab54066146010f5c545ad14da93376a00c79f37c9d86961ee5e05e4a1.text.csv,"['state', 'location']","['state', 'location']","['state', 'location']","['state', 'location']","['state', 'location']","['state', 'location']","['state', 'location']","['state', 'location']","['state', 'location']","['state', 'location']",['location'],['location'],[],"['State', 'Location']","[0.9403, 0.9835]","[1.0, 1.0, 1.0, 0.5, 0.5, 1.0, 1.0, 1.0, 1.0, 1.0, 1.0, 1.0, 1.0, 1.0]","[dtype('O'), dtype('float64'), dtype('float64'), dtype('float64'), dtype('float64'), dtype('float64'), dtype('float64'), dtype('float64'), dtype('float64'), dtype('float64'), dtype('float64'), dtype('float64'), dtype('float64'), dtype('O')]","[8.8333, 49.6667]"
2b8e7ca8faad3081159d71fa3e727f0412bd0d7a82b0638213eccad4e4abb46b.text.csv,['product'],['product'],['product'],['product'],['product'],[],[],[],[],[],[],[],[],"['Measure ID', 'Measure Name', 'Start Date', 'End Date']","[nan, 0.4928, nan, nan]","[1.0, 1.0, 1.0, 0.0, 1.0, 1.0]","[dtype('O'), dtype('O'), dtype('float64'), dtype('float64'), dtype('O'), dtype('O')]","[4.6667, 47.5, 10.0, 10.0]"
dd75ad93d54320e3e2025fbc4a199b6fccd33f1a3a00b5d6f80e7997eae28c0d.text.csv,"['company', 'address', 'category']","['company', 'address', 'category']","['company', 'address', 'category']","['company', 'address', 'category']","['company', 'address', 'category']","['company', 'category']",[],[],[],[],[],[],[],"['Small Business', 'Street Name', 'Business Type']","[0.524, 0.4451, 0.5433]","[1.0, 1.0, 1.0, 1.0]","[dtype('O'), dtype('int64'), dtype('O'), dtype('O')]","[20.4733, 12.3664, 14.9237]"
742362068833113d45aa0d818587ea0ea594d90e2e1e9d18b26ac0f87fae79b7.text.csv,"['country', 'status']","['country', 'status']","['country', 'status']","['country', 'status']","['country', 'status']","['country', 'status']","['country', 'status']","['country', 'status']",[],[],[],[],[],"['CountryCode', ' GNIcap', ' GNIIncCatOverride']","[0.7389, nan, 0.7936]","[0.9948, 1.0, 1.0, 1.0]","[dtype('O'), dtype('int64'), dtype('O'), dtype('O')]","[2.0052, 6.8041, 1.0619]"
817708e5dcaa26fc90d1bda7e893b8f930422f272ffc812700995ad6f7f481b2.text.csv,"['description', 'status', 'name', 'category']","['description', 'status', 'name', 'category']","['description', 'status', 'name', 'category']","['description', 'status', 'name', 'category']","['description', 'name', 'category']","['description', 'name', 'category']","['description', 'name', 'category']","['description', 'name', 'category']","['description', 'name', 'category']",['name'],['name'],['name'],['name'],"['Contest Title', 'Contest Type', 'Candidate Name', 'Candidate Party']","[0.8954, 0.3948, 0.9996, 0.825]","[1.0, 1.0, 1.0, 1.0, 0.0, 1.0, 1.0, 1.0, 1.0, 1.0, 1.0, 1.0, 1.0, 1.0, 1.0, 1.0, 1.0, 0.4893, 1.0, 1.0, 1.0, 1.0]","[dtype('int64'), dtype('O'), dtype('int64'), dtype('O'), dtype('float64'), dtype('int64'), dtype('int64'), dtype('int64'), dtype('int64'), dtype('int64'), dtype('int64'), dtype('int64'), dtype('int64'), dtype('int64'), dtype('int64'), dtype('O'), dtype('int64'), dtype('O'), dtype('int64'), dtype('int64'), dtype('int64'), dtype('int64')]","[32.0214, 2.0, 14.7857, 3.0]"
50d21d02332df9127dc4dcbe152494b4a2401fb1945cedf55edf6b8b9d802269.text.csv,"['language', 'sales', 'family', 'position', 'elevation', 'sales', 'position', 'sales', 'position', 'sales', 'sales', 'position', 'order', 'sales', 'sales', 'position', 'sales', 'position']","['language', 'sales', 'family', 'position', 'elevation', 'sales', 'position', 'sales', 'position', 'sales', 'sales', 'position', 'order', 'sales', 'sales', 'position', 'sales', 'position']","['language', 'sales', 'position', 'elevation', 'sales', 'position', 'sales', 'position', 'sales', 'sales', 'position', 'sales', 'sales', 'position', 'sales', 'position']","['language', 'sales', 'sales', 'position', 'sales', 'position', 'sales', 'sales', 'position', 'sales', 'position', 'sales', 'position']","['language', 'sales', 'position', 'sales', 'sales', 'position', 'sales', 'position', 'sales']","['language', 'sales', 'position', 'sales', 'sales', 'position', 'sales', 'sales']","['language', 'sales', 'sales', 'sales', 'position', 'sales', 'sales']","['language', 'sales', 'sales', 'sales']",['language'],['language'],['language'],['language'],['language'],"['Unnamed: 0', 'FY - 2016', 'FY - 2016.1', 'FY - 2016.2', 'FY - 2016.3', 'FY - 2017', 'FY - 2017.1', 'FY - 2017.2', 'FY - 2017.3', 'FY - 2018', 'FY - 2018.1', 'FY - 2018.2', 'FY - 2018.3', 'FY - 2019', 'FY - 2019.1', 'FY - 2019.2', 'FY - 2019.3', 'FY - 2020']","[1.0, 0.3782, 0.1898, 0.2276, 0.2456, 0.7668, 0.3842, 0.3719, 0.559, 0.6106, 0.7201, 0.6492, 0.1749, 0.2328, 0.6804, 0.4464, 0.7122, 0.3948]","[0.9697, 1.0, 1.0, 1.0, 1.0, 1.0, 1.0, 1.0, 1.0, 1.0, 1.0, 1.0, 1.0, 1.0, 1.0, 1.0, 1.0, 1.0]","[dtype('O'), dtype('O'), dtype('O'), dtype('O'), dtype('O'), dtype('O'), dtype('O'), dtype('O'), dtype('O'), dtype('O'), dtype('O'), dtype('O'), dtype('O'), dtype('O'), dtype('O'), dtype('O'), dtype('O'), dtype('O')]","[9.7576, 3.2424, 3.3333, 3.2424, 3.2121, 3.2727, 3.4242, 3.3636, 3.3333, 3.3333, 3.4545, 3.5152, 3.3636, 3.3333, 3.4242, 3.3636, 3.3333, 3.3333]"
359fba6185df3f7e409c2b51ee63b8d7de80cd6ea977623536ebf5a81bb7ffc0.text.csv,"['city', 'category', 'description']","['city', 'category', 'description']","['city', 'category', 'description']","['city', 'category', 'description']","['city', 'category', 'description']","['city', 'category', 'description']","['city', 'category', 'description']","['city', 'category', 'description']","['city', 'category', 'description']","['city', 'category']","['city', 'category']","['city', 'category']",['city'],"['Case Number', 'NASA Center', 'sra_date', 'SRA Final', 'NTR Title']","[nan, 0.9975, nan, 0.9894, 0.8465]","[1.0, 1.0, 1.0, 1.0, 1.0]","[dtype('O'), dtype('O'), dtype('O'), dtype('O'), dtype('O')]","[10.8937, 3.4949, 10.0, 11.0597, 60.6477]"
bebabde5fec7e26f6cb1b30f1707b5ce37610680462f4ea42ef290fa67b7a5ed.text.csv,"['address', 'city', 'city', 'album', 'age', 'position']","['address', 'city', 'city', 'album', 'age', 'position']","['address', 'city', 'city', 'album', 'age', 'position']","['address', 'city', 'city', 'album', 'age', 'position']","['address', 'city', 'city', 'album', 'age', 'position']","['address', 'city', 'city', 'album', 'age', 'position']","['address', 'city', 'city', 'age', 'position']","['city', 'position']","['city', 'position']",[],[],[],[],"['STREET1', 'STREET2', 'STREET3', 'STREET4', 'SYSTEM_NUM', 'GLOBALID', 'point']","[0.6203, 0.6086, 0.8288, 0.51, 0.6355, nan, 0.8868]","[1.0, 1.0, 1.0, 1.0, 0.9787, 0.9787, 1.0, 1.0, 1.0, 1.0]","[dtype('int64'), dtype('int64'), dtype('O'), dtype('O'), dtype('O'), dtype('O'), dtype('int64'), dtype('O'), dtype('O'), dtype('O')]","[7.2128, 7.3617, 1.4468, 1.0426, 2.617, 38.0, 45.234]"
d51bafa99c403d353e077f7cdeb5c83b94b325e7029e89dbbbab0938576fd544.text.csv,"['region', 'year', 'category', 'age', 'depth', 'duration', 'brand', 'state', 'region', 'type', 'area', 'weight', 'area', 'region', 'region', 'region', 'result']","['region', 'year', 'category', 'age', 'depth', 'duration', 'brand', 'state', 'region', 'type', 'area', 'weight', 'area', 'region', 'region', 'region', 'result']","['region', 'year', 'category', 'age', 'depth', 'duration', 'brand', 'state', 'region', 'type', 'weight', 'region', 'region', 'result']","['region', 'year', 'category', 'age', 'duration', 'brand', 'state', 'region', 'type', 'weight', 'region', 'region', 'result']","['region', 'year', 'category', 'age', 'duration', 'brand', 'state', 'type', 'weight', 'region', 'region', 'result']","['region', 'year', 'category', 'age', 'duration', 'brand', 'region', 'region']","['region', 'year', 'category', 'age', 'duration', 'brand', 'region', 'region']","['region', 'year', 'category', 'age', 'brand']","['region', 'year', 'category', 'brand']","['region', 'year', 'category', 'brand']","['year', 'category', 'brand']","['year', 'category', 'brand']","['year', 'category']","['LRA_ID', 'LRACountryCode', 'LRAYear', 'LRAIncCat', 'LRADataIFAD', 'LRAIFADMin', 'LRAIFADMax', 'LRAIFADNormal', 'LRADataIFCTime', 'LRAIFCTimeMin', 'LRAIFCTimeMax', 'LRAIFCTimeNormal', 'LRADataIFCCost', 'LRAIFCCostMin', 'LRAIFCCostMax', 'LRAIFCCostNormal', 'LRAAgg', 'LRADisplay', 'LRAMedianValue', 'LRAPRValue']","[nan, 0.9447, 0.9978, 0.9999, 0.7524, 0.2072, 0.6637, 0.9882, 0.4264, 0.3092, 0.4194, 0.1599, 0.4314, nan, nan, 0.1491, 0.1749, 0.6081, 0.6334, 0.486]","[1.0, 0.9938, 0.9995, 0.0998, 0.7049, 0.9995, 0.9995, 0.7049, 0.7049, 0.9995, 0.9995, 0.7049, 0.7049, 0.9995, 0.9995, 0.7049, 0.7049, 0.0629, 0.0998, 0.0624]","[dtype('O'), dtype('O'), dtype('O'), dtype('O'), dtype('O'), dtype('O'), dtype('O'), dtype('O'), dtype('O'), dtype('O'), dtype('O'), dtype('O'), dtype('O'), dtype('O'), dtype('O'), dtype('O'), dtype('O'), dtype('O'), dtype('O'), dtype('O')]","[6.0067, 2.012, 4.001, 3.0417, 4.2917, 1.7049, 8.7097, 7.4645, 2.4626, 1.0067, 3.0048, 7.7121, 6.8162, 10.4947, 7.9525, 7.7202, 7.8484, 3.4323, 3.6871, 3.3474]"
92269957851ee13ea06fcd1866bd8e3810dec64dabb72c1b76b04a00227e5bdf.text.csv,"['state', 'age', 'region', 'state', 'category', 'age', 'region', 'state', 'category', 'status', 'region', 'state', 'country', 'area', 'country']","['state', 'age', 'region', 'state', 'category', 'age', 'region', 'state', 'category', 'status', 'region', 'state', 'country', 'area', 'country']","['state', 'age', 'region', 'state', 'age', 'region', 'state', 'category', 'status', 'region', 'state', 'area', 'country']","['state', 'age', 'region', 'state', 'age', 'region', 'state', 'region', 'state', 'area', 'country']","['state', 'age', 'region', 'state', 'region', 'region', 'state', 'area', 'country']","['state', 'region', 'region', 'region', 'area', 'country']","['state', 'region', 'region', 'region', 'country']","['state', 'region', 'region', 'region']","['state', 'region', 'region', 'region']","['state', 'region', 'region', 'region']",['state'],['state'],[],"['Reporting Area', 'Botulism, Foodborne, Current week, flag', 'Botulism, Foodborne, Previous 52 weeks Max†, flag', 'Botulism, Foodborne, Cum 2019†, flag', 'Botulism, Foodborne, Cum 2018†, flag', 'Botulism, Infant, Current week, flag', 'Botulism, Infant, Previous 52 weeks Max†, flag', 'Botulism, Infant, Cum 2019†, flag', 'Botulism, Infant, Cum 2018†, flag', 'Botulism, Other (wound and unspecified), Current week, flag ', 'Botulism, Other (wound and unspecified), Previous 52 weeks Max†, flag', 'Botulism, Other (wound and unspecified), Cum 2019†, flag', 'Botulism, Other (wound and unspecified), Cum 2018†, flag', 'Location 1', 'Location 2']","[0.9891, 0.4075, 0.9276, 0.4861, 0.1775, 0.3391, 0.9276, 0.379, 0.2699, 0.2318, 0.9276, 0.4422, 0.1971, 0.5077, 0.6062]","[1.0, 1.0, 1.0, 0.0022, 0.9978, 0.9854, 0.0146, 0.1146, 0.8854, 0.1283, 0.8717, 0.0235, 0.9765, 0.9854, 0.0146, 0.3473, 0.6527, 0.4134, 0.5866, 0.0, 1.0, 0.9854, 0.0146, 0.1017, 0.8983, 0.1008, 0.8992, 0.7857, 0.2143, 1.0]","[dtype('O'), dtype('int64'), dtype('int64'), dtype('float64'), dtype('O'), dtype('float64'), dtype('O'), dtype('float64'), dtype('O'), dtype('float64'), dtype('O'), dtype('float64'), dtype('O'), dtype('float64'), dtype('O'), dtype('float64'), dtype('O'), dtype('float64'), dtype('O'), dtype('float64'), dtype('O'), dtype('float64'), dtype('O'), dtype('float64'), dtype('O'), dtype('float64'), dtype('O'), dtype('O'), dtype('O'), dtype('int64')]","[10.0143, 1.0045, 2.9852, 1.2291, 1.2709, 1.0471, 2.9852, 1.6947, 1.8412, 1.0, 2.9852, 1.2034, 1.216, 26.5286, 5.2286]"
e4384d3db31e3d3aad1fd1e35f33f5f5d5c07d4d3853b4215dbcb73cae91df4b.text.csv,"['region', 'address', 'description', 'year', 'state', 'description']","['region', 'address', 'description', 'year', 'state', 'description']","['region', 'address', 'description', 'year', 'state', 'description']","['region', 'address', 'description', 'year', 'state', 'description']","['region', 'address', 'description', 'year', 'state', 'description']","['region', 'address', 'description', 'year', 'state', 'description']","['region', 'address', 'description', 'state', 'description']","['region', 'address', 'state', 'description']","['region', 'address', 'state']",['address'],['address'],['address'],['address'],"['District', 'Route', 'DateTime', 'Site', 'TicketNumber', 'CommodityCode', 'GeneralCommodity']","[0.8535, 1.0, nan, 0.677, 0.5881, 0.824, 0.766]","[1.0, 1.0, 1.0, 1.0, 0.9901, 1.0, 1.0, 1.0]","[dtype('O'), dtype('O'), dtype('O'), dtype('O'), dtype('O'), dtype('float64'), dtype('O'), dtype('O')]","[12.5146, 3.5559, 10.0, 37.7089, 6.4634, 1.0394, 8.2024]"
f24f49e0ef6749df213575e44ed065588257c874648f8f90ff0c45e6c082fc12.text.csv,"['area', 'symbol', 'area', 'day', 'day', 'day', 'day', 'state', 'status', 'address']","['area', 'symbol', 'area', 'day', 'day', 'day', 'day', 'state', 'status', 'address']","['area', 'symbol', 'area', 'day', 'day', 'day', 'day', 'state', 'status', 'address']","['area', 'symbol', 'area', 'day', 'day', 'day', 'day', 'state', 'status', 'address']","['area', 'symbol', 'area', 'day', 'day', 'day', 'day', 'state', 'status', 'address']","['area', 'symbol', 'area', 'day', 'day', 'day', 'day', 'status', 'address']","['area', 'symbol', 'area', 'day', 'day', 'day', 'day', 'status', 'address']","['area', 'symbol', 'area', 'day', 'day', 'day', 'day', 'status', 'address']","['symbol', 'area', 'day', 'day', 'day', 'day', 'status', 'address']","['area', 'day', 'day', 'day', 'day', 'status']","['area', 'day', 'day', 'day', 'day', 'status']","['area', 'day', 'day', 'day', 'day', 'status']","['area', 'day', 'day', 'day', 'day', 'status']","['NOPD_Item', 'Type_', 'TypeText', 'Priority', 'TimeCreate', 'TimeDispatch', 'TimeArrive', 'TimeClosed', 'Disposition', 'DispositionText', 'BLOCK_ADDRESS', 'Location']","[nan, 0.7903, 0.8979, 0.9995, 1.0, 1.0, 1.0, 1.0, 0.4148, 0.9986, 0.8846, nan]","[1.0, 1.0, 1.0, 1.0, 1.0, 1.0, 1.0, 0.9458, 0.8233, 1.0, 1.0, 0.9996, 1.0, 0.9736, 1.0, 1.0]","[dtype('O'), dtype('O'), dtype('O'), dtype('O'), dtype('float64'), dtype('float64'), dtype('O'), dtype('O'), dtype('O'), dtype('O'), dtype('O'), dtype('O'), dtype('O'), dtype('float64'), dtype('int64'), dtype('O')]","[8.0, 2.4779, 16.5594, 2.0, 22.0, 20.9698, 18.6427, 22.0, 3.003, 18.8613, 20.4206, 34.827]"
48b367fb7a91226a7bf0fdb67af7f964ee82e25e644b32c9e427f0c44bc7576c.text.csv,['day'],['day'],['day'],['day'],['day'],['day'],['day'],['day'],['day'],['day'],['day'],['day'],['day'],['Date_time'],[1.0],"[1.0, 1.0, 1.0, 1.0, 1.0, 1.0, 1.0, 1.0, 1.0, 1.0, 1.0, 1.0, 1.0]","[dtype('O'), dtype('int64'), dtype('int64'), dtype('int64'), dtype('int64'), dtype('int64'), dtype('int64'), dtype('float64'), dtype('float64'), dtype('int64'), dtype('float64'), dtype('float64'), dtype('float64')]",[14.5323]
